Time,Turnover ;  Total (State) ;  Food retailing ;,Turnover ;  Total (State) ;  Household goods retailing ;,"Turnover ;  Total (State) ;  Clothing, footwear and personal accessory retailing ;",Turnover ;  Total (State) ;  Department stores ;,Turnover ;  Total (State) ;  Other retailing ;,"Turnover ;  Total (State) ;  Cafes, restaurants and takeaway food services ;",Turnover ;  Total (State) ;  Total (Industry) ;,Change in Food Retail,Change in goods retail,change in acces retail,change in Dept Store,change in other retail,change in food seervices,change in total industry
Apr-1982,1162.6,592.3,359.9,460.1,479.1,342.4,3396.4,0.0,0.0,0.0,0.0,0.0,0.0,0.0
May-1982,1150.9,629.6,386.6,502.6,486.1,342.1,3497.9,-1.01%,6.30%,7.42%,9.24%,1.46%,-0.09%,2.99%
Jun-1982,1160.0,607.4,350.5,443.8,467.5,328.7,3357.8,0.79%,-3.53%,-9.34%,-11.70%,-3.83%,-3.92%,-4.01%
Jul-1982,1206.4,632.4,359.3,459.1,491.1,338.5,3486.8,4.00%,4.12%,2.51%,3.45%,5.05%,2.98%,3.84%
Aug-1982,1152.5,622.6,325.2,438.4,485.7,331.5,3355.9,-4.47%,-1.55%,-9.49%,-4.51%,-1.10%,-2.07%,-3.75%
Sep-1982,1189.1,622.0,346.3,465.1,489.9,341.9,3454.3,3.18%,-0.10%,6.49%,6.09%,0.86%,3.14%,2.93%
Oct-1982,1247.4,637.8,354.2,452.7,500.9,358.4,3551.5,4.90%,2.54%,2.28%,-2.67%,2.25%,4.83%,2.81%
Nov-1982,1280.7,717.2,403.9,522.9,531.1,374.7,3830.5,2.67%,12.45%,14.03%,15.51%,6.03%,4.55%,7.86%
Dec-1982,1483.7,1077.0,571.4,889.3,725.2,433.1,5179.7,15.85%,50.17%,41.47%,70.07%,36.55%,15.59%,35.22%
Jan-1983,1202.8,615.9,326.5,379.2,491.4,368.6,3384.5,-18.93%,-42.81%,-42.86%,-57.36%,-32.24%,-14.89%,-34.66%
Feb-1983,1224.2,621.7,298.7,378.0,499.1,348.1,3369.8,1.78%,0.94%,-8.51%,-0.32%,1.57%,-5.56%,-0.43%
Mar-1983,1332.4,719.1,377.2,472.1,538.7,365.8,3805.3,8.84%,15.67%,26.28%,24.89%,7.93%,5.08%,12.92%
Apr-1983,1270.9,633.4,412.5,503.4,493.8,351.1,3665.1,-4.62%,-11.92%,9.36%,6.63%,-8.33%,-4.02%,-3.68%
May-1983,1251.7,697.9,418.5,510.6,520.8,360.5,3760.0,-1.51%,10.18%,1.45%,1.43%,5.47%,2.68%,2.59%
Jun-1983,1269.3,661.8,383.0,462.4,507.3,347.1,3630.8,1.41%,-5.17%,-8.48%,-9.44%,-2.59%,-3.72%,-3.44%
Jul-1983,1292.8,656.9,384.0,468.3,519.9,364.5,3686.5,1.85%,-0.74%,0.26%,1.28%,2.48%,5.01%,1.53%
Aug-1983,1337.0,711.0,379.9,458.2,554.2,376.0,3816.3,3.42%,8.24%,-1.07%,-2.16%,6.60%,3.16%,3.52%
Sep-1983,1322.8,690.3,402.0,482.7,547.9,377.6,3823.4,-1.06%,-2.91%,5.82%,5.35%,-1.14%,0.43%,0.19%
Oct-1983,1355.4,714.6,395.8,485.3,553.5,374.1,3878.7,2.46%,3.52%,-1.54%,0.54%,1.02%,-0.93%,1.45%
Nov-1983,1410.9,815.5,431.7,568.7,594.1,390.6,4211.5,4.09%,14.12%,9.07%,17.19%,7.34%,4.41%,8.58%
Dec-1983,1642.3,1197.8,626.0,963.7,795.5,459.0,5684.3,16.40%,46.88%,45.01%,69.46%,33.90%,17.51%,34.97%
Jan-1984,1314.5,684.2,357.6,414.7,538.8,388.8,3698.5,-19.96%,-42.88%,-42.88%,-56.97%,-32.27%,-15.29%,-34.93%
Feb-1984,1335.4,698.5,346.0,414.5,561.6,377.1,3733.2,1.59%,2.09%,-3.24%,-0.05%,4.23%,-3.01%,0.94%
Mar-1984,1388.8,746.0,419.0,484.7,574.6,397.8,4010.9,4.00%,6.80%,21.10%,16.94%,2.31%,5.49%,7.44%
Apr-1984,1346.5,634.7,406.9,487.3,529.7,383.3,3788.4,-3.05%,-14.92%,-2.89%,0.54%,-7.81%,-3.65%,-5.55%
May-1984,1404.3,755.0,480.9,597.9,590.1,414.0,4242.3,4.29%,18.95%,18.19%,22.70%,11.40%,8.01%,11.98%
Jun-1984,1367.6,677.2,403.1,500.4,542.2,381.5,3872.1,-2.61%,-10.30%,-16.18%,-16.31%,-8.12%,-7.85%,-8.73%
Jul-1984,1361.6,708.7,411.9,543.4,559.4,393.0,3978.0,-0.44%,4.65%,2.18%,8.59%,3.17%,3.01%,2.73%
Aug-1984,1436.7,740.9,414.5,503.4,591.6,409.0,4096.1,5.52%,4.54%,0.63%,-7.36%,5.76%,4.07%,2.97%
Sep-1984,1355.6,679.0,392.1,522.8,557.2,394.7,3901.4,-5.64%,-8.35%,-5.40%,3.85%,-5.81%,-3.50%,-4.75%
Oct-1984,1462.7,769.3,446.3,556.6,614.5,424.5,4274.0,7.90%,13.30%,13.82%,6.47%,10.28%,7.55%,9.55%
Nov-1984,1501.4,859.3,484.8,623.2,651.8,436.5,4557.1,2.65%,11.70%,8.63%,11.97%,6.07%,2.83%,6.62%
Dec-1984,1686.6,1174.6,638.8,1039.4,820.0,488.1,5847.5,12.34%,36.69%,31.77%,66.78%,25.81%,11.82%,28.32%
Jan-1985,1484.7,703.0,401.6,516.3,598.9,425.6,4130.0,-11.97%,-40.15%,-37.13%,-50.33%,-26.96%,-12.80%,-29.37%
Feb-1985,1397.0,669.4,368.2,452.5,577.9,391.8,3856.8,-5.91%,-4.78%,-8.32%,-12.36%,-3.51%,-7.94%,-6.62%
Mar-1985,1495.0,742.2,418.3,525.8,599.6,416.1,4196.9,7.02%,10.88%,13.61%,16.20%,3.75%,6.20%,8.82%
Apr-1985,1474.9,721.6,450.3,587.7,574.6,419.8,4228.9,-1.34%,-2.78%,7.65%,11.77%,-4.17%,0.89%,0.76%
May-1985,1556.8,855.8,540.1,700.3,639.9,446.2,4739.1,5.55%,18.60%,19.94%,19.16%,11.36%,6.29%,12.06%
Jun-1985,1453.7,742.3,452.3,561.8,573.5,406.8,4190.3,-6.62%,-13.26%,-16.26%,-19.78%,-10.38%,-8.83%,-11.58%
Jul-1985,1558.6,799.9,476.4,602.8,628.6,448.5,4514.6,7.22%,7.76%,5.33%,7.30%,9.61%,10.25%,7.74%
Aug-1985,1585.7,815.5,467.0,582.5,649.6,466.0,4566.3,1.74%,1.95%,-1.97%,-3.37%,3.34%,3.90%,1.15%
Sep-1985,1518.0,776.8,452.6,563.1,614.7,455.2,4380.3,-4.27%,-4.75%,-3.08%,-3.33%,-5.37%,-2.32%,-4.07%
Oct-1985,1655.7,881.3,522.9,637.1,667.0,493.6,4857.7,9.07%,13.45%,15.53%,13.14%,8.51%,8.44%,10.90%
Nov-1985,1667.3,973.2,557.3,697.1,704.6,505.6,5105.0,0.70%,10.43%,6.58%,9.42%,5.64%,2.43%,5.09%
Dec-1985,1867.3,1351.7,749.7,1187.5,908.1,563.9,6628.2,12.00%,38.89%,34.52%,70.35%,28.88%,11.53%,29.84%
Jan-1986,1674.4,812.6,447.0,570.5,666.1,504.3,4674.9,-10.33%,-39.88%,-40.38%,-51.96%,-26.65%,-10.57%,-29.47%
Feb-1986,1558.5,763.6,399.4,478.2,641.5,452.9,4294.1,-6.92%,-6.03%,-10.65%,-16.18%,-3.69%,-10.19%,-8.15%
Mar-1986,1676.6,768.0,419.6,547.4,636.2,480.3,4528.0,7.58%,0.58%,5.06%,14.47%,-0.83%,6.05%,5.45%
Apr-1986,1643.7,827.0,504.5,594.3,662.4,497.2,4729.0,-1.96%,7.68%,20.23%,8.57%,4.12%,3.52%,4.44%
May-1986,1746.5,935.1,588.2,751.6,709.8,530.8,5261.9,6.25%,13.07%,16.59%,26.47%,7.16%,6.76%,11.27%
Jun-1986,1638.5,833.6,485.7,553.4,641.8,484.8,4637.8,-6.18%,-10.85%,-17.43%,-26.37%,-9.58%,-8.67%,-11.86%
Jul-1986,1721.8,878.2,507.2,663.2,692.9,526.3,4989.5,5.08%,5.35%,4.43%,19.84%,7.96%,8.56%,7.58%
Aug-1986,1720.9,898.1,484.5,581.1,700.8,538.4,4923.8,-0.05%,2.27%,-4.48%,-12.38%,1.14%,2.30%,-1.32%
Sep-1986,1705.7,862.3,496.9,661.9,698.1,537.4,4962.2,-0.88%,-3.99%,2.56%,13.90%,-0.39%,-0.19%,0.78%
Oct-1986,1816.4,950.6,545.5,665.6,756.7,570.4,5305.1,6.49%,10.24%,9.78%,0.56%,8.39%,6.14%,6.91%
Nov-1986,1774.7,968.2,545.8,700.9,750.1,563.8,5303.5,-2.30%,1.85%,0.05%,5.30%,-0.87%,-1.16%,-0.03%
Dec-1986,2073.6,1414.0,804.4,1367.9,1017.0,663.2,7340.0,16.84%,46.04%,47.38%,95.16%,35.58%,17.63%,38.40%
Jan-1987,1830.7,861.1,461.1,613.9,726.9,571.6,5065.3,-11.71%,-39.10%,-42.68%,-55.12%,-28.53%,-13.81%,-30.99%
Feb-1987,1710.1,812.5,417.6,513.2,701.3,525.1,4679.8,-6.59%,-5.64%,-9.43%,-16.40%,-3.52%,-8.14%,-7.61%
Mar-1987,1791.0,862.3,479.3,599.9,716.8,543.6,4993.0,4.73%,6.13%,14.77%,16.89%,2.21%,3.52%,6.69%
Apr-1987,1824.4,846.8,528.6,674.1,733.9,558.1,5166.0,1.86%,-1.80%,10.29%,12.37%,2.39%,2.67%,3.46%
May-1987,1823.3,933.6,585.4,714.0,764.8,565.1,5386.3,-0.06%,10.25%,10.75%,5.92%,4.21%,1.25%,4.26%
Jun-1987,1761.9,886.2,529.5,670.5,728.4,542.3,5118.9,-3.37%,-5.08%,-9.55%,-6.09%,-4.76%,-4.03%,-4.96%
Jul-1987,1856.9,958.9,579.7,720.9,779.7,598.6,5494.6,5.39%,8.20%,9.48%,7.52%,7.04%,10.38%,7.34%
Aug-1987,1821.0,938.2,518.6,601.6,773.7,583.7,5236.7,-1.93%,-2.16%,-10.54%,-16.55%,-0.77%,-2.49%,-4.69%
Sep-1987,1830.0,953.0,563.1,672.3,783.9,592.7,5395.1,0.49%,1.58%,8.58%,11.75%,1.32%,1.54%,3.02%
Oct-1987,1942.4,1058.8,596.6,709.1,814.1,623.3,5744.4,6.14%,11.10%,5.95%,5.47%,3.85%,5.16%,6.47%
Nov-1987,1885.9,1084.6,587.2,743.2,822.0,621.9,5745.0,-2.91%,2.44%,-1.58%,4.81%,0.97%,-0.22%,0.01%
Dec-1987,2272.4,1576.1,864.5,1460.1,1109.6,739.8,8022.4,20.49%,45.32%,47.22%,96.46%,34.99%,18.96%,39.64%
Jan-1988,1885.1,938.9,487.0,631.0,757.4,605.0,5304.4,-17.04%,-40.43%,-43.67%,-56.78%,-31.74%,-18.22%,-33.88%
Feb-1988,1845.2,968.3,502.6,551.1,773.5,586.1,5226.8,-2.12%,3.13%,3.20%,-12.66%,2.13%,-3.12%,-1.46%
Mar-1988,2021.6,1035.6,551.0,678.1,818.0,625.3,5729.7,9.56%,6.95%,9.63%,23.04%,5.75%,6.69%,9.62%
Apr-1988,1937.5,945.3,563.1,715.7,753.7,611.9,5527.3,-4.16%,-8.72%,2.20%,5.54%,-7.86%,-2.14%,-3.53%
May-1988,1907.0,1074.9,619.6,740.8,814.9,630.5,5787.8,-1.57%,13.71%,10.03%,3.51%,8.12%,3.04%,4.71%
Jun-1988,1925.7,1053.6,601.6,722.0,800.8,635.5,5739.2,0.98%,-1.98%,-2.91%,-2.54%,-1.73%,0.79%,-0.84%
Jul-1988,1932.6,1045.1,592.7,683.5,810.1,658.7,5722.7,0.36%,-0.81%,-1.48%,-5.33%,1.16%,3.65%,-0.29%
Aug-1988,1977.6,1073.4,578.0,650.9,850.9,656.4,5787.3,2.33%,2.71%,-2.48%,-4.77%,5.04%,-0.35%,1.13%
Sep-1988,2035.2,1040.7,641.7,723.3,845.5,660.0,5946.3,2.91%,-3.05%,11.02%,11.12%,-0.63%,0.55%,2.75%
Oct-1988,2050.7,1092.9,650.2,729.6,872.1,670.2,6065.8,0.76%,5.02%,1.32%,0.87%,3.15%,1.55%,2.01%
Nov-1988,2109.5,1210.9,664.4,870.3,945.0,670.8,6470.9,2.87%,10.80%,2.18%,19.28%,8.36%,0.09%,6.68%
Dec-1988,2549.7,1714.8,956.3,1570.0,1321.2,773.9,8885.8,20.87%,41.61%,43.93%,80.40%,39.81%,15.37%,37.32%
Jan-1989,2056.1,1089.2,598.0,631.5,872.7,732.8,5980.3,-19.36%,-36.48%,-37.47%,-59.78%,-33.95%,-5.31%,-32.70%
Feb-1989,1990.2,1021.5,517.0,552.0,832.7,660.7,5574.1,-3.21%,-6.22%,-13.55%,-12.59%,-4.58%,-9.84%,-6.79%
Mar-1989,2261.2,1107.0,593.0,719.0,905.5,713.2,6299.0,13.62%,8.37%,14.70%,30.25%,8.74%,7.95%,13.00%
Apr-1989,2104.6,1089.0,632.3,697.6,858.2,693.9,6075.7,-6.93%,-1.63%,6.63%,-2.98%,-5.22%,-2.71%,-3.55%
May-1989,2139.0,1203.6,679.5,764.8,940.9,710.0,6437.8,1.63%,10.52%,7.46%,9.63%,9.64%,2.32%,5.96%
Jun-1989,2170.3,1151.9,661.4,786.3,885.8,721.7,6377.4,1.46%,-4.30%,-2.66%,2.81%,-5.86%,1.65%,-0.94%
Jul-1989,2163.1,1135.8,634.6,715.1,897.7,741.3,6287.5,-0.33%,-1.40%,-4.05%,-9.06%,1.34%,2.72%,-1.41%
Aug-1989,2255.1,1161.5,603.0,723.8,947.4,745.5,6436.4,4.25%,2.26%,-4.98%,1.22%,5.54%,0.57%,2.37%
Sep-1989,2262.6,1174.0,636.3,757.9,967.7,766.9,6565.5,0.33%,1.08%,5.52%,4.71%,2.14%,2.87%,2.01%
Oct-1989,2221.7,1217.4,651.2,751.7,969.8,793.7,6605.4,-1.81%,3.70%,2.34%,-0.82%,0.22%,3.49%,0.61%
Nov-1989,2327.5,1351.2,709.5,923.8,1034.8,807.5,7154.3,4.76%,10.99%,8.95%,22.89%,6.70%,1.74%,8.31%
Dec-1989,2788.4,1714.2,964.7,1569.4,1415.0,942.7,9394.4,19.80%,26.87%,35.97%,69.89%,36.74%,16.74%,31.31%
Jan-1990,2277.4,1128.5,604.5,678.2,965.4,857.5,6511.6,-18.33%,-34.17%,-37.34%,-56.79%,-31.77%,-9.04%,-30.69%
Feb-1990,2185.3,1048.0,516.7,586.2,930.4,764.4,6031.0,-4.04%,-7.13%,-14.52%,-13.57%,-3.63%,-10.86%,-7.38%
Mar-1990,2439.5,1148.2,604.4,726.8,990.1,840.3,6749.3,11.63%,9.56%,16.97%,23.98%,6.42%,9.93%,11.91%
Apr-1990,2286.0,1083.7,635.3,744.1,922.4,804.6,6476.1,-6.29%,-5.62%,5.11%,2.38%,-6.84%,-4.25%,-4.05%
May-1990,2382.9,1211.6,712.9,815.5,1016.2,808.9,6947.9,4.24%,11.80%,12.21%,9.60%,10.17%,0.53%,7.29%
Jun-1990,2361.9,1160.4,664.7,832.4,940.5,799.0,6758.9,-0.88%,-4.23%,-6.76%,2.07%,-7.45%,-1.22%,-2.72%
Jul-1990,2302.9,1136.2,647.9,710.3,961.2,815.0,6573.5,-2.50%,-2.09%,-2.53%,-14.67%,2.20%,2.00%,-2.74%
Aug-1990,2469.0,1186.0,639.4,759.4,1029.4,828.0,6911.2,7.21%,4.38%,-1.31%,6.91%,7.10%,1.60%,5.14%
Sep-1990,2307.8,1111.3,636.0,741.1,980.6,812.4,6589.3,-6.53%,-6.30%,-0.53%,-2.41%,-4.74%,-1.88%,-4.66%
Oct-1990,2442.4,1215.3,682.8,786.6,1042.9,833.0,7002.9,5.83%,9.36%,7.36%,6.14%,6.35%,2.54%,6.28%
Nov-1990,2553.4,1277.0,722.3,931.5,1066.6,851.5,7402.3,4.54%,5.08%,5.79%,18.42%,2.27%,2.22%,5.70%
Dec-1990,2887.2,1659.5,985.8,1563.1,1373.0,945.7,9414.4,13.07%,29.95%,36.48%,67.80%,28.73%,11.06%,27.18%
Jan-1991,2551.9,1147.3,635.7,694.0,946.6,861.7,6837.2,-11.61%,-30.86%,-35.51%,-55.60%,-31.06%,-8.88%,-27.38%
Feb-1991,2341.5,1094.5,551.5,604.7,921.3,771.1,6284.6,-8.24%,-4.60%,-13.25%,-12.87%,-2.67%,-10.51%,-8.08%
Mar-1991,2593.6,1133.5,603.0,719.2,975.4,813.3,6837.9,10.77%,3.56%,9.34%,18.94%,5.87%,5.47%,8.80%
Apr-1991,2402.9,1136.3,686.3,748.2,938.5,797.4,6709.5,-7.35%,0.25%,13.81%,4.03%,-3.78%,-1.95%,-1.88%
May-1991,2584.5,1205.3,735.1,828.2,1018.0,820.6,7191.7,7.56%,6.07%,7.11%,10.69%,8.47%,2.91%,7.19%
Jun-1991,2410.0,1110.0,651.6,746.9,955.1,801.3,6674.9,-6.75%,-7.91%,-11.36%,-9.82%,-6.18%,-2.35%,-7.19%
Jul-1991,2540.0,1220.1,722.7,794.5,1040.2,829.4,7147.0,5.39%,9.92%,10.91%,6.37%,8.91%,3.51%,7.07%
Aug-1991,2684.0,1231.6,664.8,770.4,1058.4,853.5,7262.7,5.67%,0.94%,-8.01%,-3.03%,1.75%,2.91%,1.62%
Sep-1991,2452.1,1165.6,648.6,741.5,1008.2,882.0,6898.1,-8.64%,-5.36%,-2.44%,-3.75%,-4.74%,3.34%,-5.02%
Oct-1991,2679.6,1312.5,753.0,858.6,1081.9,938.9,7624.4,9.28%,12.60%,16.10%,15.79%,7.31%,6.45%,10.53%
Nov-1991,2693.4,1343.1,740.7,944.7,1128.7,953.8,7804.4,0.52%,2.33%,-1.63%,10.03%,4.33%,1.59%,2.36%
Dec-1991,2984.8,1660.7,1046.5,1600.3,1473.1,1048.3,9813.7,10.82%,23.65%,41.29%,69.40%,30.51%,9.91%,25.75%
Jan-1992,2684.5,1203.5,695.3,740.0,1043.7,938.3,7305.3,-10.06%,-27.53%,-33.56%,-53.76%,-29.15%,-10.49%,-25.56%
Feb-1992,2562.4,1143.3,611.4,665.9,1003.6,861.5,6848.2,-4.55%,-5.00%,-12.07%,-10.01%,-3.84%,-8.19%,-6.26%
Mar-1992,2643.1,1199.5,645.5,701.5,1038.9,936.1,7164.6,3.15%,4.92%,5.58%,5.35%,3.52%,8.66%,4.62%
Apr-1992,2707.1,1206.7,721.6,831.4,1036.8,932.0,7435.5,2.42%,0.60%,11.79%,18.52%,-0.20%,-0.44%,3.78%
May-1992,2697.5,1228.4,769.2,878.6,1048.2,929.4,7551.4,-0.35%,1.80%,6.60%,5.68%,1.10%,-0.28%,1.56%
Jun-1992,2584.2,1199.3,721.0,826.0,981.7,868.5,7180.7,-4.20%,-2.37%,-6.27%,-5.99%,-6.34%,-6.55%,-4.91%
Jul-1992,2754.7,1278.9,729.6,788.2,1044.4,891.3,7487.0,6.60%,6.64%,1.19%,-4.58%,6.39%,2.63%,4.27%
Aug-1992,2670.5,1194.8,633.8,723.6,1021.1,875.5,7119.3,-3.06%,-6.58%,-13.13%,-8.20%,-2.23%,-1.77%,-4.91%
Sep-1992,2665.6,1260.6,668.4,819.8,1077.5,914.1,7406.0,-0.18%,5.51%,5.46%,13.29%,5.52%,4.41%,4.03%
Oct-1992,2858.5,1379.7,747.9,902.5,1121.8,935.7,7946.1,7.24%,9.45%,11.89%,10.09%,4.11%,2.36%,7.29%
Nov-1992,2700.6,1382.2,734.0,968.6,1169.8,931.8,7887.0,-5.52%,0.18%,-1.86%,7.32%,4.28%,-0.42%,-0.74%
Dec-1992,3221.5,1817.1,1060.3,1650.9,1584.1,1045.8,10379.6,19.29%,31.46%,44.46%,70.44%,35.42%,12.23%,31.60%
Jan-1993,2789.1,1292.7,663.8,762.1,1030.4,917.8,7455.9,-13.42%,-28.86%,-37.40%,-53.84%,-34.95%,-12.24%,-28.17%
Feb-1993,2610.6,1190.4,568.3,643.0,982.5,838.1,6833.0,-6.40%,-7.91%,-14.39%,-15.63%,-4.65%,-8.68%,-8.35%
Mar-1993,2795.8,1346.6,634.5,754.1,1096.6,869.8,7497.4,7.09%,13.12%,11.65%,17.28%,11.61%,3.78%,9.72%
Apr-1993,2832.7,1274.5,668.0,840.7,1061.8,862.1,7539.8,1.32%,-5.35%,5.28%,11.48%,-3.17%,-0.89%,0.57%
May-1993,2773.6,1324.2,723.0,906.6,1095.7,852.1,7675.2,-2.09%,3.90%,8.23%,7.84%,3.19%,-1.16%,1.80%
Jun-1993,2714.1,1308.6,711.5,887.1,1059.0,827.6,7507.9,-2.15%,-1.18%,-1.59%,-2.15%,-3.35%,-2.88%,-2.18%
Jul-1993,2876.2,1345.9,702.8,771.5,1095.6,882.3,7674.2,5.97%,2.85%,-1.22%,-13.03%,3.46%,6.61%,2.22%
Aug-1993,2734.0,1300.5,639.9,728.7,1091.6,866.9,7361.4,-4.94%,-3.37%,-8.95%,-5.55%,-0.37%,-1.75%,-4.08%
Sep-1993,2805.7,1366.1,678.3,844.7,1165.8,904.9,7765.5,2.62%,5.04%,6.00%,15.92%,6.80%,4.38%,5.49%
Oct-1993,2901.8,1438.0,703.9,886.9,1201.7,931.2,8063.3,3.43%,5.26%,3.77%,5.00%,3.08%,2.91%,3.83%
Nov-1993,2872.4,1532.2,746.5,970.0,1285.1,963.0,8369.3,-1.01%,6.55%,6.05%,9.37%,6.94%,3.41%,3.79%
Dec-1993,3433.4,2011.8,1089.7,1710.5,1786.0,1099.5,11130.8,19.53%,31.30%,45.97%,76.34%,38.98%,14.17%,33.00%
Jan-1994,2834.4,1373.4,665.3,745.7,1127.3,984.5,7730.6,-17.45%,-31.73%,-38.95%,-56.40%,-36.88%,-10.46%,-30.55%
Feb-1994,2724.2,1325.1,579.3,664.4,1100.6,901.6,7295.2,-3.89%,-3.52%,-12.93%,-10.90%,-2.37%,-8.42%,-5.63%
Mar-1994,3048.7,1451.4,685.9,821.5,1217.5,1015.2,8240.1,11.91%,9.53%,18.40%,23.65%,10.62%,12.60%,12.95%
Apr-1994,2837.4,1334.8,709.4,831.7,1123.0,939.1,7775.5,-6.93%,-8.03%,3.43%,1.24%,-7.76%,-7.50%,-5.64%
May-1994,2848.7,1443.6,731.6,908.0,1187.7,941.4,8061.2,0.40%,8.15%,3.13%,9.17%,5.76%,0.24%,3.67%
Jun-1994,2869.9,1456.0,695.9,912.6,1187.9,934.8,8057.1,0.74%,0.86%,-4.88%,0.51%,0.02%,-0.70%,-0.05%
Jul-1994,2953.3,1427.8,682.5,782.9,1216.9,1013.3,8076.6,2.91%,-1.94%,-1.93%,-14.21%,2.44%,8.40%,0.24%
Aug-1994,2964.7,1503.1,677.3,798.8,1261.3,1017.5,8222.7,0.39%,5.27%,-0.76%,2.03%,3.65%,0.41%,1.81%
Sep-1994,3013.5,1475.2,722.3,887.0,1271.9,1040.7,8410.6,1.65%,-1.86%,6.64%,11.04%,0.84%,2.28%,2.29%
Oct-1994,3081.6,1508.7,748.2,934.6,1303.5,1061.8,8638.4,2.26%,2.27%,3.59%,5.37%,2.48%,2.03%,2.71%
Nov-1994,3082.7,1616.5,773.9,1000.4,1363.0,1070.2,8906.7,0.04%,7.15%,3.43%,7.04%,4.56%,0.79%,3.11%
Dec-1994,3700.0,2058.9,1092.1,1817.5,1827.4,1188.3,11684.1,20.02%,27.37%,41.12%,81.68%,34.07%,11.04%,31.18%
Jan-1995,3063.0,1463.9,703.5,752.4,1209.3,1076.3,8268.3,-17.22%,-28.90%,-35.58%,-58.60%,-33.82%,-9.43%,-29.23%
Feb-1995,2949.1,1373.3,615.7,682.5,1148.1,981.6,7750.3,-3.72%,-6.19%,-12.48%,-9.29%,-5.06%,-8.80%,-6.26%
Mar-1995,3244.4,1533.7,702.4,811.2,1266.3,1098.9,8656.9,10.01%,11.68%,14.08%,18.86%,10.30%,11.95%,11.70%
Apr-1995,3151.0,1420.6,755.9,906.0,1213.2,1067.8,8514.5,-2.88%,-7.37%,7.62%,11.69%,-4.19%,-2.83%,-1.64%
May-1995,3200.0,1576.3,766.0,927.2,1307.7,1083.3,8860.4,1.56%,10.96%,1.34%,2.34%,7.79%,1.45%,4.06%
Jun-1995,3179.6,1607.5,761.4,906.8,1267.7,1045.0,8767.9,-0.64%,1.98%,-0.60%,-2.20%,-3.06%,-3.54%,-1.04%
Jul-1995,3212.0,1545.7,726.7,880.6,1302.7,1094.4,8762.1,1.02%,-3.84%,-4.56%,-2.89%,2.76%,4.73%,-0.07%
Aug-1995,3342.3,1550.8,727.6,873.9,1360.0,1109.7,8964.4,4.06%,0.33%,0.12%,-0.76%,4.40%,1.40%,2.31%
Sep-1995,3301.7,1583.0,751.6,856.8,1377.1,1126.1,8996.2,-1.21%,2.08%,3.30%,-1.96%,1.26%,1.48%,0.35%
Oct-1995,3369.8,1622.6,769.4,920.6,1365.9,1166.5,9214.9,2.06%,2.50%,2.37%,7.45%,-0.81%,3.59%,2.43%
Nov-1995,3485.3,1705.5,813.6,1067.4,1461.4,1194.3,9727.5,3.43%,5.11%,5.74%,15.95%,6.99%,2.38%,5.56%
Dec-1995,3996.9,2212.4,1156.5,1857.2,1987.4,1314.7,12525.0,14.68%,29.72%,42.15%,73.99%,35.99%,10.08%,28.76%
Jan-1996,3357.2,1580.7,754.8,833.1,1345.6,1213.1,9084.7,-16.00%,-28.55%,-34.73%,-55.14%,-32.29%,-7.73%,-27.47%
Feb-1996,3339.0,1485.5,662.9,737.1,1279.6,1128.0,8632.1,-0.54%,-6.02%,-12.18%,-11.52%,-4.90%,-7.02%,-4.98%
Mar-1996,3468.7,1582.6,717.6,812.0,1313.2,1180.0,9074.2,3.88%,6.54%,8.25%,10.16%,2.63%,4.61%,5.12%
Apr-1996,3346.5,1498.9,758.2,895.2,1278.4,1169.3,8946.5,-3.52%,-5.29%,5.66%,10.25%,-2.65%,-0.91%,-1.41%
May-1996,3515.8,1644.5,807.1,962.8,1359.2,1145.7,9435.2,5.06%,9.71%,6.45%,7.55%,6.32%,-2.02%,5.46%
Jun-1996,3329.3,1610.9,755.8,908.6,1289.5,1109.0,9003.1,-5.30%,-2.04%,-6.36%,-5.63%,-5.13%,-3.20%,-4.58%
Jul-1996,3433.3,1695.0,777.9,908.0,1338.8,1138.1,9291.1,3.12%,5.22%,2.92%,-0.07%,3.82%,2.62%,3.20%
Aug-1996,3577.3,1664.9,746.1,888.9,1363.3,1145.7,9386.1,4.19%,-1.78%,-4.09%,-2.10%,1.83%,0.67%,1.02%
Sep-1996,3377.2,1583.8,739.9,833.7,1317.4,1104.9,8956.8,-5.59%,-4.87%,-0.83%,-6.21%,-3.37%,-3.56%,-4.57%
Oct-1996,3648.3,1740.4,806.1,933.7,1404.8,1142.2,9675.6,8.03%,9.89%,8.95%,11.99%,6.63%,3.38%,8.03%
Nov-1996,3649.2,1798.7,808.0,1081.6,1463.1,1129.4,9930.1,0.02%,3.35%,0.24%,15.84%,4.15%,-1.12%,2.63%
Dec-1996,4034.4,2296.1,1148.8,1837.6,1975.8,1230.8,12523.5,10.56%,27.65%,42.18%,69.90%,35.04%,8.98%,26.12%
Jan-1997,3688.2,1686.0,777.1,840.9,1344.2,1180.1,9516.5,-8.58%,-26.57%,-32.36%,-54.24%,-31.97%,-4.12%,-24.01%
Feb-1997,3363.0,1576.9,639.8,727.4,1269.3,1059.5,8636.0,-8.82%,-6.47%,-17.67%,-13.50%,-5.57%,-10.22%,-9.25%
Mar-1997,3676.9,1608.8,700.9,857.9,1332.5,1148.0,9325.0,9.33%,2.02%,9.55%,17.94%,4.98%,8.35%,7.98%
Apr-1997,3480.1,1610.8,775.5,849.0,1364.4,1141.3,9221.1,-5.35%,0.12%,10.64%,-1.04%,2.39%,-0.58%,-1.11%
May-1997,3682.6,1712.9,845.3,994.8,1413.2,1170.3,9819.1,5.82%,6.34%,9.00%,17.17%,3.58%,2.54%,6.49%
Jun-1997,3414.8,1664.3,749.4,830.2,1344.5,1113.5,9116.7,-7.27%,-2.84%,-11.35%,-16.55%,-4.86%,-4.85%,-7.15%
Jul-1997,3652.3,1698.0,791.7,971.1,1441.7,1164.6,9719.3,6.96%,2.02%,5.64%,16.97%,7.23%,4.59%,6.61%
Aug-1997,3669.0,1662.9,740.1,836.0,1443.5,1173.3,9524.8,0.46%,-2.07%,-6.52%,-13.91%,0.12%,0.75%,-2.00%
Sep-1997,3585.7,1678.9,777.5,939.1,1461.3,1154.1,9596.6,-2.27%,0.96%,5.05%,12.33%,1.23%,-1.64%,0.75%
Oct-1997,3879.4,1811.1,841.7,976.9,1523.2,1204.8,10237.0,8.19%,7.87%,8.26%,4.03%,4.24%,4.39%,6.67%
Nov-1997,3794.0,1835.5,863.6,1111.3,1552.9,1183.7,10340.9,-2.20%,1.35%,2.60%,13.76%,1.95%,-1.75%,1.01%
Dec-1997,4339.8,2418.4,1231.1,1879.1,2143.1,1306.7,13318.2,14.39%,31.76%,42.55%,69.09%,38.01%,10.39%,28.79%
Jan-1998,3973.8,1724.9,803.2,917.3,1437.6,1185.9,10042.7,-8.43%,-28.68%,-34.76%,-51.18%,-32.92%,-9.24%,-24.59%
Feb-1998,3571.6,1531.3,681.0,716.2,1322.4,1050.0,8872.4,-10.12%,-11.22%,-15.21%,-21.92%,-8.01%,-11.46%,-11.65%
Mar-1998,3799.6,1660.0,749.7,822.9,1402.3,1141.1,9575.7,6.38%,8.40%,10.09%,14.90%,6.04%,8.68%,7.93%
Apr-1998,3832.3,1602.0,829.8,970.1,1415.8,1106.7,9756.6,0.86%,-3.49%,10.68%,17.89%,0.96%,-3.01%,1.89%
May-1998,3882.4,1677.0,894.0,970.2,1432.9,1144.2,10000.6,1.31%,4.68%,7.74%,0.01%,1.21%,3.39%,2.50%
Jun-1998,3705.2,1668.8,835.0,849.4,1409.5,1088.2,9556.1,-4.56%,-0.49%,-6.60%,-12.45%,-1.63%,-4.89%,-4.44%
Jul-1998,3951.3,1699.6,888.2,1042.3,1481.7,1162.2,10225.4,6.64%,1.85%,6.37%,22.71%,5.12%,6.80%,7.00%
Aug-1998,3888.9,1649.9,822.5,869.9,1459.4,1144.8,9835.4,-1.58%,-2.92%,-7.40%,-16.54%,-1.51%,-1.50%,-3.81%
Sep-1998,3897.8,1685.0,869.3,939.4,1518.7,1149.5,10059.8,0.23%,2.13%,5.69%,7.99%,4.06%,0.41%,2.28%
Oct-1998,4213.3,1783.6,928.8,1021.3,1567.9,1258.6,10773.4,8.09%,5.85%,6.84%,8.72%,3.24%,9.49%,7.09%
Nov-1998,4003.3,1776.0,925.5,1137.7,1599.4,1200.8,10642.7,-4.98%,-0.43%,-0.36%,11.40%,2.01%,-4.59%,-1.21%
Dec-1998,4690.1,2323.2,1348.5,1975.7,2189.7,1310.2,13837.5,17.16%,30.81%,45.71%,73.66%,36.91%,9.11%,30.02%
Jan-1999,4218.6,1775.4,866.6,942.0,1490.5,1244.0,10537.1,-10.05%,-23.58%,-35.74%,-52.32%,-31.93%,-5.05%,-23.85%
Feb-1999,3844.3,1597.2,736.7,738.4,1389.2,1124.4,9430.1,-8.87%,-10.04%,-14.99%,-21.61%,-6.80%,-9.61%,-10.51%
Mar-1999,4250.9,1733.6,864.4,903.2,1542.5,1245.4,10540.0,10.58%,8.54%,17.33%,22.32%,11.04%,10.76%,11.77%
Apr-1999,4091.1,1681.0,930.6,953.2,1498.9,1236.0,10390.7,-3.76%,-3.03%,7.66%,5.54%,-2.83%,-0.75%,-1.42%
May-1999,4079.0,1764.5,937.0,1011.2,1517.9,1271.4,10581.0,-0.30%,4.97%,0.69%,6.08%,1.27%,2.86%,1.83%
Jun-1999,3961.9,1779.0,915.5,894.4,1505.8,1208.0,10264.8,-2.87%,0.82%,-2.29%,-11.55%,-0.80%,-4.99%,-2.99%
Jul-1999,4239.4,1817.4,913.3,1054.5,1581.0,1219.2,10824.9,7.00%,2.16%,-0.24%,17.90%,4.99%,0.93%,5.46%
Aug-1999,4117.8,1830.7,888.6,899.5,1585.1,1233.6,10555.3,-2.87%,0.73%,-2.70%,-14.70%,0.26%,1.18%,-2.49%
Sep-1999,4184.0,1894.3,939.6,1002.3,1627.4,1261.3,10908.9,1.61%,3.47%,5.74%,11.43%,2.67%,2.25%,3.35%
Oct-1999,4373.6,2000.7,982.2,1043.7,1622.2,1314.4,11336.8,4.53%,5.62%,4.53%,4.13%,-0.32%,4.21%,3.92%
Nov-1999,4273.0,2037.0,1022.2,1207.2,1726.2,1318.3,11584.0,-2.30%,1.81%,4.07%,15.67%,6.41%,0.30%,2.18%
Dec-1999,5099.8,2568.3,1471.2,2069.6,2352.7,1455.3,15016.9,19.35%,26.08%,43.92%,71.44%,36.29%,10.39%,29.63%
Jan-2000,4247.2,1924.7,903.4,924.9,1496.6,1297.4,10794.2,-16.72%,-25.06%,-38.59%,-55.31%,-36.39%,-10.85%,-28.12%
Feb-2000,4069.7,1813.6,764.5,798.2,1462.1,1206.7,10114.8,-4.18%,-5.77%,-15.38%,-13.70%,-2.31%,-6.99%,-6.29%
Mar-2000,4353.4,1919.9,877.4,901.9,1553.0,1324.6,10930.1,6.97%,5.86%,14.77%,12.99%,6.22%,9.77%,8.06%
Apr-2000,4174.4,1769.8,905.7,1024.7,1482.8,1252.5,10609.9,-4.11%,-7.82%,3.23%,13.62%,-4.52%,-5.44%,-2.93%
May-2000,4161.7,1985.7,995.2,1052.3,1575.8,1282.1,11052.7,-0.30%,12.20%,9.88%,2.69%,6.27%,2.36%,4.17%
Jun-2000,4175.1,2346.3,1103.9,1165.5,1609.6,1274.7,11675.2,0.32%,18.16%,10.92%,10.76%,2.14%,-0.58%,5.63%
Jul-2000,4221.2,1875.7,808.6,859.3,1522.5,1317.9,10605.2,1.10%,-20.06%,-26.75%,-26.27%,-5.41%,3.39%,-9.16%
Aug-2000,4362.9,2013.1,853.0,1009.2,1623.6,1328.8,11190.6,3.36%,7.33%,5.49%,17.44%,6.64%,0.83%,5.52%
Sep-2000,4315.6,2015.7,986.4,1054.6,1642.7,1432.4,11447.4,-1.08%,0.13%,15.64%,4.50%,1.18%,7.80%,2.29%
Oct-2000,4384.7,2098.2,957.7,1070.4,1692.6,1460.8,11664.4,1.60%,4.09%,-2.91%,1.50%,3.04%,1.98%,1.90%
Nov-2000,4450.9,2213.3,1022.4,1232.5,1792.5,1416.3,12127.8,1.51%,5.49%,6.76%,15.14%,5.90%,-3.05%,3.97%
Dec-2000,5194.1,2776.0,1499.7,2177.5,2381.5,1538.6,15567.3,16.70%,25.42%,46.68%,76.67%,32.86%,8.64%,28.36%
Jan-2001,4486.2,2095.8,945.7,971.9,1641.7,1470.8,11612.2,-13.63%,-24.50%,-36.94%,-55.37%,-31.06%,-4.41%,-25.41%
Feb-2001,4221.3,1887.4,800.3,814.6,1563.5,1338.0,10625.2,-5.90%,-9.94%,-15.37%,-16.18%,-4.76%,-9.03%,-8.50%
Mar-2001,4699.1,2063.2,945.4,1017.5,1694.1,1521.2,11940.5,11.32%,9.31%,18.13%,24.91%,8.35%,13.69%,12.38%
Apr-2001,4497.1,1982.7,989.6,1039.2,1626.9,1441.3,11576.8,-4.30%,-3.90%,4.68%,2.13%,-3.97%,-5.25%,-3.05%
May-2001,4603.0,2118.3,1056.3,1123.5,1728.6,1446.1,12075.8,2.35%,6.84%,6.74%,8.11%,6.25%,0.33%,4.31%
Jun-2001,4458.2,2205.1,989.3,1024.9,1674.2,1397.6,11749.3,-3.15%,4.10%,-6.34%,-8.78%,-3.15%,-3.35%,-2.70%
Jul-2001,4532.8,2217.5,976.7,1100.8,1733.8,1477.4,12038.9,1.67%,0.56%,-1.27%,7.41%,3.56%,5.71%,2.46%
Aug-2001,4745.1,2253.1,947.1,963.0,1792.2,1504.6,12204.9,4.68%,1.61%,-3.03%,-12.52%,3.37%,1.84%,1.38%
Sep-2001,4606.5,2188.7,985.1,1012.9,1718.8,1437.2,11949.3,-2.92%,-2.86%,4.01%,5.18%,-4.10%,-4.48%,-2.09%
Oct-2001,4863.1,2404.9,1079.5,1132.0,1829.9,1488.5,12797.9,5.57%,9.88%,9.58%,11.76%,6.46%,3.57%,7.10%
Nov-2001,4941.5,2517.4,1128.2,1344.8,1944.2,1482.9,13359.0,1.61%,4.68%,4.51%,18.80%,6.25%,-0.38%,4.38%
Dec-2001,5543.0,3113.9,1616.1,2269.5,2589.6,1611.4,16743.5,12.17%,23.70%,43.25%,68.76%,33.20%,8.67%,25.33%
Jan-2002,5044.6,2438.8,1072.6,1027.9,1769.9,1482.1,12836.0,-8.99%,-21.68%,-33.63%,-54.71%,-31.65%,-8.02%,-23.34%
Feb-2002,4559.4,2123.9,895.5,841.4,1642.5,1329.8,11392.4,-9.62%,-12.91%,-16.51%,-18.14%,-7.20%,-10.28%,-11.25%
Mar-2002,5098.2,2296.4,1016.1,1043.9,1795.0,1478.9,12728.5,11.82%,8.12%,13.47%,24.07%,9.28%,11.21%,11.73%
Apr-2002,4747.6,2336.0,1058.2,1075.3,1778.3,1460.4,12455.8,-6.88%,1.72%,4.14%,3.01%,-0.93%,-1.25%,-2.14%
May-2002,5028.5,2478.6,1139.2,1190.9,1898.8,1481.9,13217.9,5.92%,6.10%,7.65%,10.75%,6.78%,1.47%,6.12%
Jun-2002,4716.1,2475.0,1029.5,1143.0,1762.1,1424.9,12550.6,-6.21%,-0.15%,-9.63%,-4.02%,-7.20%,-3.85%,-5.05%
Jul-2002,4971.5,2465.3,1033.3,1075.7,1870.2,1527.3,12943.3,5.42%,-0.39%,0.37%,-5.89%,6.13%,7.19%,3.13%
Aug-2002,5145.5,2501.2,1050.6,1065.9,1946.9,1551.6,13261.7,3.50%,1.46%,1.67%,-0.91%,4.10%,1.59%,2.46%
Sep-2002,4912.5,2460.6,1079.0,1060.1,1880.9,1495.1,12888.3,-4.53%,-1.62%,2.70%,-0.54%,-3.39%,-3.64%,-2.82%
Oct-2002,5283.5,2635.3,1170.0,1211.4,1942.0,1556.6,13798.9,7.55%,7.10%,8.43%,14.27%,3.25%,4.11%,7.07%
Nov-2002,5300.6,2752.9,1250.2,1495.1,2047.7,1571.9,14418.4,0.32%,4.46%,6.85%,23.42%,5.44%,0.98%,4.49%
Dec-2002,5862.1,3366.1,1730.9,2338.6,2769.7,1734.0,17801.4,10.59%,22.27%,38.45%,56.42%,35.26%,10.31%,23.46%
Jan-2003,5402.8,2528.5,1108.8,1099.3,1876.5,1620.4,13636.3,-7.84%,-24.88%,-35.94%,-52.99%,-32.25%,-6.55%,-23.40%
Feb-2003,4861.0,2231.8,925.0,900.5,1727.3,1421.8,12067.5,-10.03%,-11.73%,-16.58%,-18.08%,-7.95%,-12.26%,-11.50%
Mar-2003,5280.2,2430.7,1072.8,1092.7,1839.2,1574.2,13289.7,8.62%,8.91%,15.98%,21.34%,6.48%,10.72%,10.13%
Apr-2003,5171.5,2368.9,1144.4,1222.4,1851.6,1589.1,13347.9,-2.06%,-2.54%,6.67%,11.87%,0.67%,0.95%,0.44%
May-2003,5316.3,2539.9,1188.2,1237.1,1958.4,1657.4,13897.3,2.80%,7.22%,3.83%,1.20%,5.77%,4.30%,4.12%
Jun-2003,4895.4,2595.6,1130.4,1237.9,1870.4,1554.2,13284.0,-7.92%,2.19%,-4.86%,0.06%,-4.49%,-6.23%,-4.41%
Jul-2003,5296.9,2675.1,1130.1,1182.0,2021.9,1699.4,14005.4,8.20%,3.06%,-0.03%,-4.52%,8.10%,9.34%,5.43%
Aug-2003,5286.8,2665.2,1097.2,1101.2,2045.1,1737.8,13933.3,-0.19%,-0.37%,-2.91%,-6.84%,1.15%,2.26%,-0.51%
Sep-2003,5192.1,2726.7,1166.3,1198.2,2063.2,1709.4,14055.9,-1.79%,2.31%,6.30%,8.81%,0.89%,-1.63%,0.88%
Oct-2003,5583.9,2903.8,1270.2,1316.1,2236.2,1878.4,15188.7,7.55%,6.50%,8.91%,9.84%,8.39%,9.89%,8.06%
Nov-2003,5498.8,2948.3,1319.3,1528.2,2322.0,1838.4,15455.0,-1.52%,1.53%,3.87%,16.12%,3.84%,-2.13%,1.75%
Dec-2003,6269.7,3650.5,1854.6,2424.2,3137.1,2048.3,19384.4,14.02%,23.82%,40.57%,58.63%,35.10%,11.42%,25.42%
Jan-2004,5769.9,2829.9,1217.0,1182.9,2039.8,1895.2,14934.7,-7.97%,-22.48%,-34.38%,-51.20%,-34.98%,-7.47%,-22.96%
Feb-2004,5311.8,2545.4,1033.1,989.8,1942.6,1765.8,13588.5,-7.94%,-10.05%,-15.11%,-16.32%,-4.77%,-6.83%,-9.01%
Mar-2004,5602.4,2746.3,1130.9,1131.4,2117.1,1872.8,14600.9,5.47%,7.89%,9.47%,14.31%,8.98%,6.06%,7.45%
Apr-2004,5627.7,2569.2,1190.7,1277.1,2013.5,1873.7,14552.0,0.45%,-6.45%,5.29%,12.88%,-4.89%,0.05%,-0.33%
May-2004,5542.3,2675.2,1265.6,1280.3,2075.5,1846.2,14685.1,-1.52%,4.13%,6.29%,0.25%,3.08%,-1.47%,0.91%
Jun-2004,5406.3,2793.8,1261.2,1384.1,2075.0,1758.5,14679.0,-2.45%,4.43%,-0.35%,8.11%,-0.02%,-4.75%,-0.04%
Jul-2004,5722.7,2843.3,1233.3,1305.9,2171.6,1878.2,15154.9,5.85%,1.77%,-2.21%,-5.65%,4.66%,6.81%,3.24%
Aug-2004,5569.3,2798.1,1185.0,1166.8,2162.3,1850.1,14731.7,-2.68%,-1.59%,-3.92%,-10.65%,-0.43%,-1.50%,-2.79%
Sep-2004,5622.8,2848.0,1272.5,1317.9,2221.4,1921.5,15204.1,0.96%,1.78%,7.38%,12.95%,2.73%,3.86%,3.21%
Oct-2004,5819.7,3078.3,1324.9,1358.3,2273.3,1914.5,15769.1,3.50%,8.09%,4.12%,3.07%,2.34%,-0.36%,3.72%
Nov-2004,5753.4,3185.1,1349.9,1536.7,2352.9,1839.9,16017.9,-1.14%,3.47%,1.89%,13.13%,3.50%,-3.90%,1.58%
Dec-2004,6753.1,3877.3,1915.2,2500.8,3209.8,2041.9,20298.1,17.38%,21.73%,41.88%,62.74%,36.42%,10.98%,26.72%
Jan-2005,5710.3,2963.1,1273.7,1246.3,2074.7,1798.7,15066.7,-15.44%,-23.58%,-33.50%,-50.16%,-35.36%,-11.91%,-25.77%
Feb-2005,5336.4,2622.9,1055.6,1037.3,1979.9,1661.2,13693.5,-6.55%,-11.48%,-17.12%,-16.77%,-4.57%,-7.64%,-9.11%
Mar-2005,5936.5,2782.9,1210.4,1300.8,2117.9,1780.3,15128.9,11.25%,6.10%,14.66%,25.40%,6.97%,7.17%,10.48%
Apr-2005,5710.9,2787.4,1221.3,1153.7,2060.3,1809.0,14742.6,-3.80%,0.16%,0.90%,-11.31%,-2.72%,1.61%,-2.55%
May-2005,5661.0,2879.3,1308.9,1264.2,2098.2,1788.9,15000.6,-0.87%,3.30%,7.17%,9.58%,1.84%,-1.11%,1.75%
Jun-2005,5582.8,2969.3,1310.1,1454.2,2074.5,1768.9,15159.8,-1.38%,3.13%,0.09%,15.03%,-1.13%,-1.12%,1.06%
Jul-2005,5888.5,2964.4,1237.2,1290.1,2090.0,1869.0,15339.3,5.48%,-0.17%,-5.56%,-11.28%,0.75%,5.66%,1.18%
Aug-2005,5929.6,2984.4,1235.8,1210.7,2125.1,1813.4,15299.0,0.70%,0.67%,-0.11%,-6.15%,1.68%,-2.97%,-0.26%
Sep-2005,5931.4,2971.0,1315.5,1277.8,2094.3,1845.8,15436.0,0.03%,-0.45%,6.45%,5.54%,-1.45%,1.79%,0.90%
Oct-2005,6100.1,3099.2,1368.8,1314.4,2142.3,1978.1,16002.8,2.84%,4.32%,4.05%,2.86%,2.29%,7.17%,3.67%
Nov-2005,6071.2,3252.9,1400.9,1540.4,2290.4,1965.0,16520.8,-0.47%,4.96%,2.35%,17.19%,6.91%,-0.66%,3.24%
Dec-2005,7083.5,4088.1,1958.3,2536.0,3136.2,2152.8,20955.0,16.67%,25.68%,39.79%,64.63%,36.93%,9.56%,26.84%
Jan-2006,6113.6,3036.0,1289.2,1193.7,2068.4,1913.8,15614.7,-13.69%,-25.74%,-34.17%,-52.93%,-34.05%,-11.10%,-25.48%
Feb-2006,5704.1,2692.5,1084.3,1037.7,1962.4,1750.1,14231.0,-6.70%,-11.31%,-15.89%,-13.07%,-5.12%,-8.55%,-8.86%
Mar-2006,6335.1,2953.4,1242.8,1204.5,2149.1,1983.8,15868.7,11.06%,9.69%,14.62%,16.07%,9.51%,13.35%,11.51%
Apr-2006,6139.3,2804.1,1290.5,1348.6,2070.2,1966.5,15619.2,-3.09%,-5.06%,3.84%,11.96%,-3.67%,-0.87%,-1.57%
May-2006,6133.3,3026.2,1349.0,1267.6,2177.8,2005.1,15959.0,-0.10%,7.92%,4.53%,-6.01%,5.20%,1.96%,2.18%
Jun-2006,6071.6,3148.2,1346.9,1429.0,2167.3,1943.6,16106.6,-1.01%,4.03%,-0.16%,12.73%,-0.48%,-3.07%,0.92%
Jul-2006,6197.4,3120.4,1304.0,1412.0,2161.5,2019.2,16214.5,2.07%,-0.88%,-3.19%,-1.19%,-0.27%,3.89%,0.67%
Aug-2006,6368.5,3150.1,1324.9,1239.2,2275.9,2043.2,16401.9,2.76%,0.95%,1.60%,-12.24%,5.29%,1.19%,1.16%
Sep-2006,6296.9,3196.1,1384.2,1219.1,2213.6,2038.7,16348.7,-1.12%,1.46%,4.48%,-1.62%,-2.74%,-0.22%,-0.32%
Oct-2006,6567.2,3346.8,1464.3,1344.6,2319.4,2113.3,17155.7,4.29%,4.72%,5.79%,10.29%,4.78%,3.66%,4.94%
Nov-2006,6614.2,3494.0,1486.1,1623.3,2473.4,2109.4,17800.4,0.72%,4.40%,1.49%,20.73%,6.64%,-0.18%,3.76%
Dec-2006,7569.8,4301.3,2056.6,2611.1,3306.8,2297.3,22142.8,14.45%,23.11%,38.39%,60.85%,33.69%,8.91%,24.39%
Jan-2007,6638.4,3332.3,1354.6,1267.3,2165.5,2097.1,16855.2,-12.30%,-22.53%,-34.13%,-51.46%,-34.51%,-8.71%,-23.88%
Feb-2007,6172.9,2963.4,1165.0,1047.0,2044.0,1939.0,15331.4,-7.01%,-11.07%,-14.00%,-17.38%,-5.61%,-7.54%,-9.04%
Mar-2007,6863.0,3283.3,1368.3,1331.6,2279.5,2191.9,17317.7,11.18%,10.80%,17.45%,27.18%,11.52%,13.04%,12.96%
Apr-2007,6600.0,3010.1,1359.1,1302.6,2108.5,2134.0,16514.4,-3.83%,-8.32%,-0.67%,-2.18%,-7.50%,-2.64%,-4.64%
May-2007,6691.7,3239.8,1430.3,1365.1,2228.1,2145.5,17100.4,1.39%,7.63%,5.24%,4.80%,5.67%,0.54%,3.55%
Jun-2007,6518.0,3399.0,1461.5,1491.5,2180.3,2133.8,17184.1,-2.60%,4.91%,2.18%,9.26%,-2.15%,-0.55%,0.49%
Jul-2007,6751.1,3333.5,1427.6,1462.3,2284.2,2178.4,17437.0,3.58%,-1.93%,-2.32%,-1.96%,4.77%,2.09%,1.47%
Aug-2007,7001.1,3433.6,1406.8,1315.5,2386.6,2257.9,17801.5,3.70%,3.00%,-1.46%,-10.04%,4.48%,3.65%,2.09%
Sep-2007,6847.4,3443.2,1459.1,1353.3,2321.0,2179.5,17603.5,-2.20%,0.28%,3.72%,2.87%,-2.75%,-3.47%,-1.11%
Oct-2007,7144.7,3591.4,1561.1,1440.6,2535.3,2257.3,18530.4,4.34%,4.30%,6.99%,6.45%,9.23%,3.57%,5.27%
Nov-2007,7250.0,3774.4,1617.8,1687.9,2692.3,2284.6,19307.1,1.47%,5.10%,3.63%,17.17%,6.19%,1.21%,4.19%
Dec-2007,8154.3,4684.7,2204.2,2747.0,3582.4,2461.1,23833.7,12.47%,24.12%,36.25%,62.75%,33.06%,7.73%,23.45%
Jan-2008,7206.3,3535.1,1461.1,1397.8,2437.1,2163.5,18201.0,-11.63%,-24.54%,-33.71%,-49.12%,-31.97%,-12.09%,-23.63%
Feb-2008,6787.8,3142.9,1278.1,1140.5,2355.5,2086.7,16791.4,-5.81%,-11.09%,-12.52%,-18.41%,-3.35%,-3.55%,-7.74%
Mar-2008,7315.8,3212.5,1353.9,1351.7,2414.5,2159.4,17807.9,7.78%,2.21%,5.93%,18.52%,2.50%,3.48%,6.05%
Apr-2008,6882.6,3238.4,1486.7,1396.6,2390.5,2148.2,17543.0,-5.92%,0.81%,9.81%,3.32%,-0.99%,-0.52%,-1.49%
May-2008,7163.6,3349.2,1541.9,1421.1,2530.9,2176.7,18183.5,4.08%,3.42%,3.71%,1.75%,5.87%,1.33%,3.65%
Jun-2008,6761.8,3443.7,1402.5,1401.6,2378.4,2089.9,17477.9,-5.61%,2.82%,-9.04%,-1.37%,-6.03%,-3.99%,-3.88%
Jul-2008,7240.5,3413.8,1460.4,1582.3,2521.7,2172.6,18391.2,7.08%,-0.87%,4.13%,12.89%,6.03%,3.96%,5.23%
Aug-2008,7355.4,3411.0,1419.4,1268.4,2540.0,2204.0,18198.2,1.59%,-0.08%,-2.81%,-19.84%,0.73%,1.45%,-1.05%
Sep-2008,7095.7,3327.8,1468.3,1383.3,2485.9,2124.2,17885.2,-3.53%,-2.44%,3.45%,9.06%,-2.13%,-3.62%,-1.72%
Oct-2008,7642.8,3530.5,1547.4,1452.4,2668.9,2302.4,19144.5,7.71%,6.09%,5.39%,5.00%,7.36%,8.39%,7.04%
Nov-2008,7630.1,3595.6,1594.1,1675.9,2740.0,2242.8,19478.5,-0.17%,1.84%,3.02%,15.39%,2.66%,-2.59%,1.74%
Dec-2008,8784.9,4908.6,2308.7,2886.1,3816.6,2479.4,25184.3,15.13%,36.52%,44.83%,72.21%,39.29%,10.55%,29.29%
Jan-2009,7985.3,3560.7,1543.2,1451.0,2525.9,2318.3,19384.5,-9.10%,-27.46%,-33.16%,-49.72%,-33.82%,-6.50%,-23.03%
Feb-2009,7151.3,2968.2,1259.1,1056.6,2349.1,2069.5,16853.8,-10.44%,-16.64%,-18.41%,-27.18%,-7.00%,-10.73%,-13.06%
Mar-2009,7832.4,3301.6,1518.6,1386.9,2585.3,2303.2,18927.9,9.52%,11.23%,20.61%,31.26%,10.05%,11.29%,12.31%
Apr-2009,7710.6,3203.9,1579.8,1509.1,2519.0,2326.9,18849.3,-1.56%,-2.96%,4.03%,8.81%,-2.56%,1.03%,-0.42%
May-2009,7763.2,3379.7,1709.3,1519.4,2624.2,2401.7,19397.5,0.68%,5.49%,8.20%,0.68%,4.18%,3.21%,2.91%
Jun-2009,7399.3,3620.6,1568.0,1500.5,2551.6,2263.0,18902.9,-4.69%,7.13%,-8.27%,-1.24%,-2.77%,-5.78%,-2.55%
Jul-2009,7725.6,3452.3,1514.7,1570.7,2682.3,2415.1,19360.6,4.41%,-4.65%,-3.40%,4.68%,5.12%,6.72%,2.42%
Aug-2009,7807.5,3467.7,1498.2,1341.5,2595.8,2446.1,19156.7,1.06%,0.45%,-1.09%,-14.59%,-3.22%,1.28%,-1.05%
Sep-2009,7635.8,3406.1,1537.2,1399.9,2620.5,2430.7,19030.3,-2.20%,-1.78%,2.60%,4.35%,0.95%,-0.63%,-0.66%
Oct-2009,8109.7,3641.4,1631.4,1534.3,2775.7,2602.0,20294.6,6.21%,6.91%,6.13%,9.60%,5.92%,7.05%,6.64%
Nov-2009,8204.0,3787.3,1692.5,1736.6,2849.8,2569.9,20840.1,1.16%,4.01%,3.75%,13.19%,2.67%,-1.23%,2.69%
Dec-2009,9249.0,4706.0,2493.6,2795.1,3817.7,2897.1,25958.5,12.74%,24.26%,47.33%,60.95%,33.96%,12.73%,24.56%
Jan-2010,8093.4,3561.0,1545.9,1469.1,2601.3,2521.3,19792.0,-12.49%,-24.33%,-38.01%,-47.44%,-31.86%,-12.97%,-23.76%
Feb-2010,7243.1,3052.5,1273.6,1111.9,2426.4,2323.9,17431.5,-10.51%,-14.28%,-17.61%,-24.31%,-6.72%,-7.83%,-11.93%
Mar-2010,8017.8,3322.8,1452.3,1379.9,2709.9,2607.5,19490.3,10.70%,8.86%,14.03%,24.10%,11.68%,12.20%,11.81%
Apr-2010,7835.6,3213.8,1507.5,1389.7,2549.6,2535.8,19032.0,-2.27%,-3.28%,3.80%,0.71%,-5.92%,-2.75%,-2.35%
May-2010,7887.6,3360.1,1653.6,1427.2,2633.7,2571.4,19533.6,0.66%,4.55%,9.69%,2.70%,3.30%,1.40%,2.64%
Jun-2010,7527.9,3591.7,1558.6,1551.4,2604.6,2504.9,19339.1,-4.56%,6.89%,-5.75%,8.70%,-1.10%,-2.59%,-1.00%
Jul-2010,8044.4,3480.7,1579.0,1581.0,2765.1,2781.3,20231.6,6.86%,-3.09%,1.31%,1.91%,6.16%,11.03%,4.62%
Aug-2010,7924.7,3497.8,1511.0,1324.0,2803.4,2800.0,19860.8,-1.49%,0.49%,-4.31%,-16.26%,1.39%,0.67%,-1.83%
Sep-2010,7855.4,3476.1,1610.1,1422.0,2809.9,2742.8,19916.3,-0.87%,-0.62%,6.56%,7.40%,0.23%,-2.04%,0.28%
Oct-2010,8239.5,3692.1,1594.6,1464.9,2854.1,2730.2,20575.4,4.89%,6.21%,-0.96%,3.02%,1.57%,-0.46%,3.31%
Nov-2010,8288.1,3831.0,1656.3,1705.5,2998.3,2684.4,21163.7,0.59%,3.76%,3.87%,16.42%,5.05%,-1.68%,2.86%
Dec-2010,9491.8,4839.5,2546.8,2752.4,3947.6,3021.1,26599.2,14.52%,26.32%,53.76%,61.38%,31.66%,12.54%,25.68%
Jan-2011,8403.6,3458.3,1499.0,1412.6,2692.0,2598.2,20063.7,-11.46%,-28.54%,-41.14%,-48.68%,-31.81%,-14.00%,-24.57%
Feb-2011,7649.6,3065.6,1291.8,1117.5,2563.6,2391.3,18079.3,-8.97%,-11.36%,-13.82%,-20.89%,-4.77%,-7.96%,-9.89%
Mar-2011,8285.0,3365.1,1478.2,1321.6,2835.0,2648.9,19933.8,8.31%,9.77%,14.43%,18.26%,10.59%,10.77%,10.26%
Apr-2011,8211.3,3253.1,1549.9,1472.6,2747.2,2598.9,19833.0,-0.89%,-3.33%,4.85%,11.43%,-3.10%,-1.89%,-0.51%
May-2011,8059.0,3391.7,1626.1,1408.9,2798.4,2604.1,19888.1,-1.85%,4.26%,4.92%,-4.33%,1.86%,0.20%,0.28%
Jun-2011,7878.3,3531.3,1545.9,1471.9,2791.4,2519.5,19738.3,-2.24%,4.12%,-4.93%,4.47%,-0.25%,-3.25%,-0.75%
Jul-2011,8315.2,3463.3,1456.2,1532.5,2950.6,2701.9,20419.6,5.55%,-1.93%,-5.80%,4.12%,5.70%,7.24%,3.45%
Aug-2011,8360.3,3578.6,1420.7,1293.5,2995.6,2739.6,20388.3,0.54%,3.33%,-2.44%,-15.60%,1.53%,1.40%,-0.15%
Sep-2011,8274.2,3613.9,1500.0,1345.7,2997.8,2744.3,20475.9,-1.03%,0.99%,5.58%,4.04%,0.07%,0.17%,0.43%
Oct-2011,8606.3,3769.0,1566.6,1404.7,3022.4,2814.4,21183.4,4.01%,4.29%,4.44%,4.38%,0.82%,2.55%,3.46%
Nov-2011,8569.9,3920.7,1612.0,1660.0,3317.5,2784.2,21864.2,-0.42%,4.02%,2.90%,18.17%,9.76%,-1.07%,3.21%
Dec-2011,9936.0,4867.7,2577.1,2730.5,4267.6,3046.6,27425.4,15.94%,24.15%,59.87%,64.49%,28.64%,9.42%,25.44%
Jan-2012,8534.8,3540.6,1536.3,1362.4,2826.0,2729.5,20529.6,-14.10%,-27.26%,-40.39%,-50.10%,-33.78%,-10.41%,-25.14%
Feb-2012,8119.1,3144.9,1308.8,1131.7,2810.8,2556.0,19071.2,-4.87%,-11.18%,-14.81%,-16.93%,-0.54%,-6.36%,-7.10%
Mar-2012,8736.6,3396.4,1511.5,1349.2,3035.1,2839.3,20868.1,7.61%,8.00%,15.49%,19.22%,7.98%,11.08%,9.42%
Apr-2012,8399.2,3180.4,1517.7,1391.2,2803.0,2737.4,20028.9,-3.86%,-6.36%,0.41%,3.11%,-7.65%,-3.59%,-4.02%
May-2012,8450.7,3435.8,1695.7,1456.9,2997.2,2836.7,20873.1,0.61%,8.03%,11.73%,4.72%,6.93%,3.63%,4.21%
Jun-2012,8269.7,3579.5,1647.6,1616.4,2980.1,2784.8,20878.1,-2.14%,4.18%,-2.84%,10.95%,-0.57%,-1.83%,0.02%
Jul-2012,8500.4,3601.1,1546.9,1423.4,2960.6,2932.2,20964.6,2.79%,0.60%,-6.11%,-11.94%,-0.65%,5.29%,0.41%
Aug-2012,8787.9,3627.1,1531.4,1359.0,3083.9,2962.7,21352.0,3.38%,0.72%,-1.00%,-4.52%,4.16%,1.04%,1.85%
Sep-2012,8582.8,3639.0,1565.6,1367.8,2999.1,2885.9,21040.2,-2.33%,0.33%,2.23%,0.65%,-2.75%,-2.59%,-1.46%
Oct-2012,8982.0,3725.3,1619.9,1442.6,3113.9,2966.7,21850.4,4.65%,2.37%,3.47%,5.47%,3.83%,2.80%,3.85%
Nov-2012,9048.5,3851.4,1682.8,1672.9,3451.5,2973.1,22680.2,0.74%,3.38%,3.88%,15.96%,10.84%,0.22%,3.80%
Dec-2012,10262.1,4760.2,2615.7,2753.3,4107.5,3177.5,27676.4,13.41%,23.60%,55.44%,64.58%,19.01%,6.87%,22.03%
Jan-2013,9067.6,3669.1,1613.2,1397.4,2913.7,2849.6,21510.6,-11.64%,-22.92%,-38.33%,-49.25%,-29.06%,-10.32%,-22.28%
Feb-2013,8264.8,3201.1,1348.1,1113.6,2764.4,2607.7,19299.8,-8.85%,-12.76%,-16.43%,-20.31%,-5.12%,-8.49%,-10.28%
Mar-2013,9272.0,3393.1,1448.8,1397.3,2975.3,2924.0,21410.5,12.19%,6.00%,7.47%,25.48%,7.63%,12.13%,10.94%
Apr-2013,8614.9,3320.2,1578.0,1339.1,2895.3,2853.5,20601.1,-7.09%,-2.15%,8.92%,-4.17%,-2.69%,-2.41%,-3.78%
May-2013,8876.5,3456.3,1718.0,1441.9,3086.8,2901.5,21481.0,3.04%,4.10%,8.87%,7.68%,6.61%,1.68%,4.27%
Jun-2013,8516.9,3602.2,1641.1,1537.4,2873.9,2813.0,20984.5,-4.05%,4.22%,-4.48%,6.62%,-6.90%,-3.05%,-2.31%
Jul-2013,8855.8,3642.3,1592.9,1390.6,3024.2,2968.4,21474.2,3.98%,1.11%,-2.94%,-9.55%,5.23%,5.52%,2.33%
Aug-2013,9188.1,3726.1,1618.4,1337.2,3089.2,3065.1,22024.0,3.75%,2.30%,1.60%,-3.84%,2.15%,3.26%,2.56%
Sep-2013,8839.1,3624.9,1676.6,1359.4,3063.1,2988.7,21551.9,-3.80%,-2.72%,3.60%,1.66%,-0.84%,-2.49%,-2.14%
Oct-2013,9338.4,3844.8,1791.4,1463.3,3240.5,3175.4,22853.7,5.65%,6.07%,6.85%,7.64%,5.79%,6.25%,6.04%
Nov-2013,9345.9,3997.8,1879.7,1668.9,3668.3,3210.8,23771.3,0.08%,3.98%,4.93%,14.05%,13.20%,1.11%,4.02%
Dec-2013,10856.4,4963.8,2761.9,2725.5,4293.3,3536.8,29137.6,16.16%,24.16%,46.93%,63.31%,17.04%,10.15%,22.57%
Jan-2014,9701.6,3810.6,1718.2,1451.0,3070.1,3209.1,22960.6,-10.64%,-23.23%,-37.79%,-46.76%,-28.49%,-9.27%,-21.20%
Feb-2014,8667.9,3362.4,1416.4,1064.9,2903.6,2879.9,20295.0,-10.65%,-11.76%,-17.56%,-26.61%,-5.42%,-10.26%,-11.61%
Mar-2014,9524.6,3627.0,1609.5,1293.2,3099.9,3232.0,22386.2,9.88%,7.87%,13.63%,21.44%,6.76%,12.23%,10.30%
Apr-2014,9223.9,3460.9,1656.5,1442.9,3009.6,3182.1,21975.8,-3.16%,-4.58%,2.92%,11.58%,-2.91%,-1.54%,-1.83%
May-2014,9386.0,3653.0,1780.5,1411.8,3160.5,3228.3,22620.1,1.76%,5.55%,7.49%,-2.16%,5.01%,1.45%,2.93%
Jun-2014,8977.5,3844.1,1680.8,1461.6,3029.7,3067.5,22061.3,-4.35%,5.23%,-5.60%,3.53%,-4.14%,-4.98%,-2.47%
Jul-2014,9393.3,3878.1,1649.0,1501.6,3179.3,3315.8,22917.2,4.63%,0.88%,-1.89%,2.74%,4.94%,8.09%,3.88%
Aug-2014,9582.4,3846.1,1604.1,1254.2,3260.7,3350.7,22898.2,2.01%,-0.83%,-2.72%,-16.48%,2.56%,1.05%,-0.08%
Sep-2014,9353.8,4033.2,1691.2,1356.4,3262.1,3360.4,23057.2,-2.39%,4.86%,5.43%,8.15%,0.04%,0.29%,0.69%
Oct-2014,9964.4,4278.7,1791.5,1478.7,3417.8,3401.6,24332.7,6.53%,6.09%,5.93%,9.02%,4.77%,1.23%,5.53%
Nov-2014,9911.1,4421.3,1821.0,1687.7,3577.5,3374.9,24793.5,-0.53%,3.33%,1.65%,14.13%,4.67%,-0.78%,1.89%
Dec-2014,11271.6,5357.5,2907.0,2756.9,4440.3,3692.7,30425.9,13.73%,21.17%,59.64%,63.35%,24.12%,9.42%,22.72%
Jan-2015,9955.4,4157.9,1796.2,1471.2,3152.6,3391.3,23924.6,-11.68%,-22.39%,-38.21%,-46.64%,-29.00%,-8.16%,-21.37%
Feb-2015,9020.0,3682.4,1456.2,1053.8,2999.9,3027.5,21239.9,-9.40%,-11.44%,-18.93%,-28.37%,-4.84%,-10.73%,-11.22%
Mar-2015,9926.5,3983.5,1702.0,1367.2,3243.1,3361.9,23584.2,10.05%,8.18%,16.88%,29.74%,8.11%,11.05%,11.04%
Apr-2015,9538.0,3713.9,1793.4,1442.2,3058.8,3266.5,22812.9,-3.91%,-6.77%,5.37%,5.49%,-5.68%,-2.84%,-3.27%
May-2015,9707.1,3976.9,1891.2,1428.7,3214.7,3314.0,23532.6,1.77%,7.08%,5.45%,-0.94%,5.10%,1.45%,3.15%
Jun-2015,9217.8,4319.2,1774.7,1480.9,3243.5,3257.5,23293.5,-5.04%,8.61%,-6.16%,3.65%,0.90%,-1.70%,-1.02%
Jul-2015,9718.0,4186.1,1788.5,1540.9,3337.2,3445.3,24015.9,5.43%,-3.08%,0.78%,4.05%,2.89%,5.77%,3.10%
Aug-2015,9834.8,4159.8,1697.1,1331.9,3379.5,3421.1,23824.2,1.20%,-0.63%,-5.11%,-13.56%,1.27%,-0.70%,-0.80%
Sep-2015,9645.8,4273.9,1790.1,1400.1,3454.5,3444.4,24008.9,-1.92%,2.74%,5.48%,5.12%,2.22%,0.68%,0.78%
Oct-2015,10319.2,4567.9,1888.5,1566.3,3579.5,3525.8,25447.3,6.98%,6.88%,5.50%,11.87%,3.62%,2.36%,5.99%
Nov-2015,10128.5,4692.8,1915.6,1730.5,3824.9,3491.3,25783.5,-1.85%,2.73%,1.44%,10.48%,6.86%,-0.98%,1.32%
Dec-2015,11731.2,5735.9,3079.9,2913.6,4642.5,3819.9,31923.0,15.82%,22.23%,60.78%,68.37%,21.38%,9.41%,23.81%
Jan-2016,10244.9,4376.7,1875.7,1519.2,3304.9,3431.8,24753.1,-12.67%,-23.70%,-39.10%,-47.86%,-28.81%,-10.16%,-22.46%
Feb-2016,9556.9,3979.6,1598.7,1155.8,3257.0,3186.9,22734.9,-6.72%,-9.07%,-14.77%,-23.92%,-1.45%,-7.14%,-8.15%
Mar-2016,10354.0,4097.4,1780.6,1451.5,3398.6,3435.2,24517.3,8.34%,2.96%,11.38%,25.58%,4.35%,7.79%,7.84%
Apr-2016,9727.9,4064.9,1924.6,1451.0,3355.8,3451.7,23975.9,-6.05%,-0.79%,8.09%,-0.03%,-1.26%,0.48%,-2.21%
May-2016,9815.2,4092.5,1926.7,1449.7,3428.5,3431.0,24143.5,0.90%,0.68%,0.11%,-0.09%,2.17%,-0.60%,0.70%
Jun-2016,9516.5,4357.3,1967.1,1596.1,3414.4,3313.9,24165.3,-3.04%,6.47%,2.10%,10.10%,-0.41%,-3.41%,0.09%
Jul-2016,9928.5,4225.1,1876.1,1468.3,3492.7,3573.0,24563.7,4.33%,-3.03%,-4.63%,-8.01%,2.29%,7.82%,1.65%
Aug-2016,10041.9,4239.4,1806.3,1293.9,3562.3,3647.5,24591.3,1.14%,0.34%,-3.72%,-11.88%,1.99%,2.09%,0.11%
Sep-2016,10005.7,4469.0,1896.8,1393.5,3602.3,3696.3,25063.6,-0.36%,5.42%,5.01%,7.70%,1.12%,1.34%,1.92%
Oct-2016,10482.6,4696.8,1937.8,1497.4,3643.2,3716.6,25974.6,4.77%,5.10%,2.16%,7.46%,1.14%,0.55%,3.63%
Nov-2016,10435.7,4874.4,2057.1,1684.3,4051.1,3678.5,26781.1,-0.45%,3.78%,6.16%,12.48%,11.20%,-1.03%,3.10%
Dec-2016,12230.1,5782.3,3330.5,2850.4,4859.6,4047.3,33100.2,17.19%,18.63%,61.90%,69.23%,19.96%,10.03%,23.60%
Jan-2017,10431.5,4463.5,1939.7,1428.5,3421.5,3621.4,25306.2,-14.71%,-22.81%,-41.76%,-49.88%,-29.59%,-10.52%,-23.55%
Feb-2017,9574.6,3897.6,1558.9,1092.4,3230.8,3260.6,22615.0,-8.21%,-12.68%,-19.63%,-23.53%,-5.57%,-9.96%,-10.63%
Mar-2017,10510.3,4196.9,1826.7,1370.3,3590.4,3619.0,25113.5,9.77%,7.68%,17.18%,25.44%,11.13%,10.99%,11.05%
Apr-2017,10274.1,3994.9,1885.8,1522.6,3338.8,3567.0,24583.1,-2.25%,-4.81%,3.24%,11.11%,-7.01%,-1.44%,-2.11%
May-2017,10189.7,4291.0,2024.2,1452.4,3577.3,3598.6,25133.2,-0.82%,7.41%,7.34%,-4.61%,7.14%,0.89%,2.24%
Jun-2017,9857.6,4659.4,1988.3,1557.2,3560.8,3544.2,25167.5,-3.26%,8.59%,-1.77%,7.22%,-0.46%,-1.51%,0.14%
Jul-2017,10272.8,4365.1,1896.4,1445.5,3600.7,3698.1,25278.6,4.21%,-6.32%,-4.62%,-7.17%,1.12%,4.34%,0.44%
Aug-2017,10363.7,4347.3,1839.3,1303.1,3710.9,3711.2,25275.4,0.88%,-0.41%,-3.01%,-9.85%,3.06%,0.35%,-0.01%
Sep-2017,10307.9,4384.6,1891.6,1407.2,3627.8,3729.7,25348.7,-0.54%,0.86%,2.84%,7.99%,-2.24%,0.50%,0.29%
Oct-2017,10710.9,4639.0,1948.2,1518.3,3709.6,3871.1,26397.1,3.91%,5.80%,2.99%,7.90%,2.25%,3.79%,4.14%
Nov-2017,10780.7,5025.0,2139.4,1730.4,4203.7,3828.1,27707.3,0.65%,8.32%,9.81%,13.97%,13.32%,-1.11%,4.96%
Dec-2017,12552.1,5901.4,3297.7,2822.6,4890.3,4174.9,33639.0,16.43%,17.44%,54.14%,63.12%,16.33%,9.06%,21.41%
Jan-2018,10713.3,4516.1,1967.4,1413.1,3587.3,3698.8,25896.0,-14.65%,-23.47%,-40.34%,-49.94%,-26.64%,-11.40%,-23.02%
Feb-2018,9833.2,4023.6,1632.2,1099.4,3334.5,3377.8,23300.7,-8.22%,-10.91%,-17.04%,-22.20%,-7.05%,-8.68%,-10.02%
Mar-2018,11188.4,4327.6,1884.8,1416.2,3651.9,3749.1,26218.0,13.78%,7.56%,15.48%,28.82%,9.52%,10.99%,12.52%
Apr-2018,10354.1,4131.3,1913.2,1402.7,3402.6,3679.3,24883.3,-7.46%,-4.54%,1.51%,-0.95%,-6.83%,-1.86%,-5.09%
May-2018,10645.2,4370.8,2123.9,1518.0,3629.7,3666.6,25954.1,2.81%,5.80%,11.01%,8.22%,6.67%,-0.35%,4.30%
Jun-2018,10268.2,4659.6,2099.3,1587.2,3611.7,3601.3,25827.2,-3.54%,6.61%,-1.16%,4.56%,-0.50%,-1.78%,-0.49%
Jul-2018,10604.4,4420.4,1918.7,1426.7,3721.4,3844.0,25935.6,3.27%,-5.13%,-8.60%,-10.11%,3.04%,6.74%,0.42%
Aug-2018,10852.2,4434.8,1919.5,1343.6,3882.2,3908.3,26340.6,2.34%,0.33%,0.04%,-5.82%,4.32%,1.67%,1.56%
Sep-2018,10713.8,4467.8,1915.4,1398.8,3704.7,3863.4,26063.9,-1.28%,0.74%,-0.21%,4.11%,-4.57%,-1.15%,-1.05%
Oct-2018,11126.1,4779.9,2082.5,1524.8,3965.3,3929.1,27407.7,3.85%,6.99%,8.72%,9.01%,7.03%,1.70%,5.16%
Nov-2018,11214.7,5100.0,2268.7,1745.1,4346.5,3934.2,28609.2,0.80%,6.70%,8.94%,14.45%,9.61%,0.13%,4.38%
Dec-2018,13037.6,5826.5,3351.8,2813.5,5053.1,4278.9,34361.4,16.25%,14.25%,47.74%,61.22%,16.26%,8.76%,20.11%
Jan-2019,11253.8,4518.6,2027.6,1409.6,3711.7,3826.7,26748.0,-13.68%,-22.45%,-39.51%,-49.90%,-26.55%,-10.57%,-22.16%
Feb-2019,10308.6,4020.5,1690.8,1115.2,3458.1,3456.0,24049.2,-8.40%,-11.02%,-16.61%,-20.89%,-6.83%,-9.69%,-10.09%
Mar-2019,11405.1,4325.4,1970.6,1355.7,3706.7,3897.1,26660.6,10.64%,7.58%,16.55%,21.57%,7.19%,12.76%,10.86%
Apr-2019,10964.8,4086.4,1996.7,1474.6,3606.5,3808.2,25937.2,-3.86%,-5.53%,1.32%,8.77%,-2.70%,-2.28%,-2.71%
May-2019,11024.2,4345.5,2167.9,1512.0,3829.4,3829.0,26708.0,0.54%,6.34%,8.57%,2.54%,6.18%,0.55%,2.97%
Jun-2019,10587.6,4590.4,2134.9,1570.2,3722.7,3706.0,26311.9,-3.96%,5.64%,-1.52%,3.85%,-2.79%,-3.21%,-1.48%
Jul-2019,10950.7,4431.4,2005.3,1439.2,3873.3,3903.5,26603.4,3.43%,-3.46%,-6.07%,-8.34%,4.05%,5.33%,1.11%
Aug-2019,11296.5,4480.6,2030.1,1381.4,3969.8,3948.4,27106.8,3.16%,1.11%,1.24%,-4.02%,2.49%,1.15%,1.89%
Sep-2019,10949.5,4491.2,1981.3,1384.2,3853.6,3926.6,26586.5,-3.07%,0.24%,-2.40%,0.20%,-2.93%,-0.55%,-1.92%
Oct-2019,11569.3,4793.9,2126.9,1544.5,4069.3,4043.2,28147.1,5.66%,6.74%,7.35%,11.58%,5.60%,2.97%,5.87%
Nov-2019,11648.2,5172.5,2404.0,1826.3,4408.9,4067.3,29527.1,0.68%,7.90%,13.03%,18.25%,8.35%,0.60%,4.90%
Dec-2019,13310.8,6024.6,3474.3,2819.9,5191.2,4389.3,35210.2,14.27%,16.47%,44.52%,54.41%,17.74%,7.92%,19.25%
Jan-2020,11574.1,4563.4,2086.8,1417.3,3789.7,3890.1,27321.3,-13.05%,-24.25%,-39.94%,-49.74%,-27.00%,-11.37%,-22.41%
Feb-2020,11072.4,4214.4,1718.2,1180.2,3629.8,3621.3,25436.2,-4.33%,-7.65%,-17.66%,-16.73%,-4.22%,-6.91%,-6.90%
Mar-2020,14319.2,4752.4,1452.4,1241.4,4395.4,3007.1,29167.9,29.32%,12.77%,-15.47%,5.19%,21.09%,-16.96%,14.67%
Apr-2020,11662.1,4532.7,703.9,1177.0,3645.2,1907.9,23628.7,-18.56%,-4.62%,-51.54%,-5.19%,-17.07%,-36.55%,-18.99%
May-2020,12518.8,5607.6,1740.7,1697.2,4131.3,2499.1,28194.7,7.35%,23.71%,147.29%,44.20%,13.34%,30.99%,19.32%
Jun-2020,11952.6,5756.6,2055.3,1557.7,4142.6,3111.8,28576.6,-4.52%,2.66%,18.07%,-8.22%,0.27%,24.52%,1.35%
Jul-2020,12697.8,5764.9,2104.2,1528.0,4467.8,3458.0,30020.7,6.23%,0.14%,2.38%,-1.91%,7.85%,11.13%,5.05%
Aug-2020,12773.5,5336.9,1798.0,1236.8,4204.6,3229.6,28579.5,0.60%,-7.42%,-14.55%,-19.06%,-5.89%,-6.60%,-4.80%
Sep-2020,12382.0,5272.7,1821.5,1360.2,4170.9,3342.5,28349.8,-3.06%,-1.20%,1.31%,9.98%,-0.80%,3.50%,-0.80%
Oct-2020,13049.3,5565.9,2083.7,1562.4,4462.9,3615.8,30340.0,5.39%,5.56%,14.39%,14.87%,7.00%,8.18%,7.02%
Nov-2020,12786.8,6525.9,2757.6,2070.7,5172.7,3805.6,33119.3,-2.01%,17.25%,32.34%,32.53%,15.90%,5.25%,9.16%
Dec-2020,14756.9,7065.0,3868.9,3012.7,5939.5,4260.1,38903.2,15.41%,8.26%,40.30%,45.49%,14.82%,11.94%,17.46%
Jan-2021,12825.2,5447.4,2237.5,1514.0,4300.6,3783.9,30108.5,-13.09%,-22.90%,-42.17%,-49.75%,-27.59%,-11.18%,-22.61%
Feb-2021,11378.5,4879.3,1872.8,1197.7,4008.5,3440.4,26777.2,-11.28%,-10.43%,-16.30%,-20.89%,-6.79%,-9.08%,-11.06%
Mar-2021,12565.1,5337.3,2297.3,1600.2,4491.2,4044.9,30336.0,10.43%,9.39%,22.67%,33.61%,12.04%,17.57%,13.29%
Apr-2021,12001.6,5011.2,2387.6,1596.8,4252.1,4017.5,29266.9,-4.48%,-6.11%,3.93%,-0.21%,-5.32%,-0.68%,-3.52%
May-2021,12334.8,5249.2,2519.6,1602.1,4468.0,4043.1,30216.8,2.78%,4.75%,5.53%,0.33%,5.08%,0.64%,3.25%
Jun-2021,11949.2,5551.9,2265.2,1560.2,4410.4,3696.9,29433.8,-3.13%,5.77%,-10.10%,-2.62%,-1.29%,-8.56%,-2.59%
Jul-2021,12811.6,5199.7,1841.5,1313.9,4558.3,3447.7,29172.7,7.22%,-6.34%,-18.70%,-15.79%,3.35%,-6.74%,-0.89%
Aug-2021,12994.5,5057.1,1471.6,1032.5,4593.1,3219.9,28368.7,1.43%,-2.74%,-20.09%,-21.42%,0.76%,-6.61%,-2.76%
Sep-2021,12768.9,5330.7,1616.5,1137.6,4678.1,3369.8,28901.7,-1.74%,5.41%,9.85%,10.18%,1.85%,4.66%,1.88%
Oct-2021,13259.0,5907.5,2173.8,1493.4,4959.2,3916.1,31709.1,3.84%,10.82%,34.48%,31.28%,6.01%,16.21%,9.71%
Nov-2021,12722.8,7018.2,3241.0,2106.2,5860.2,4222.7,35171.1,-4.04%,18.80%,49.09%,41.03%,18.17%,7.83%,10.92%
Dec-2021,15255.2,7442.1,4136.7,2765.5,6683.3,4580.5,40863.3,19.90%,6.04%,27.64%,31.30%,14.05%,8.47%,16.18%
Jan-2022,13372.0,5722.6,2371.1,1446.9,4952.1,3997.3,31862.0,-12.34%,-23.11%,-42.68%,-47.68%,-25.90%,-12.73%,-22.03%
Feb-2022,11886.0,5279.2,2205.5,1259.6,4583.2,3995.3,29208.8,-11.11%,-7.75%,-6.98%,-12.94%,-7.45%,-0.05%,-8.33%
Mar-2022,13090.0,5875.3,2608.7,1599.3,5103.4,4554.2,32830.9,10.13%,11.29%,18.28%,26.97%,11.35%,13.99%,12.40%
Apr-2022,13070.3,5463.1,2767.8,1725.0,4898.5,4610.4,32535.1,-0.15%,-7.02%,6.10%,7.86%,-4.01%,1.23%,-0.90%
May-2022,12932.2,5769.0,2873.4,1767.6,5195.9,4748.9,33287.1,-1.06%,5.60%,3.82%,2.47%,6.07%,3.00%,2.31%
Jun-2022,12499.6,6010.8,2868.6,1817.9,5166.2,4672.5,33035.5,-3.35%,4.19%,-0.17%,2.85%,-0.57%,-1.61%,-0.76%
Jul-2022,13205.7,5750.9,2775.1,1760.3,5295.1,5013.0,33800.0,5.65%,-4.32%,-3.26%,-3.17%,2.50%,7.29%,2.31%
Aug-2022,13310.4,5900.1,2687.7,1618.0,5282.3,5079.0,33877.5,0.79%,2.59%,-3.15%,-8.08%,-0.24%,1.32%,0.23%
Sep-2022,13328.8,5968.8,2773.0,1744.1,5256.2,5205.9,34276.8,0.14%,1.16%,3.17%,7.79%,-0.49%,2.50%,1.18%
Oct-2022,13930.9,6179.5,2872.5,1830.9,5413.9,5268.4,35496.2,4.52%,3.53%,3.59%,4.98%,3.00%,1.20%,3.56%
Nov-2022,13839.2,6897.5,3462.8,2292.6,6113.2,5261.5,37866.8,-0.66%,11.62%,20.55%,25.22%,12.92%,-0.13%,6.68%
Dec-2022,16471.7,7348.2,4490.6,3088.2,6899.8,5747.8,44046.3,19.02%,6.53%,29.68%,34.70%,12.87%,9.24%,16.32%
Jan-2023,13919.6,5724.3,2794.1,1687.8,5112.4,5100.2,34338.4,-15.49%,-22.10%,-37.78%,-45.35%,-25.91%,-11.27%,-22.04%
Feb-2023,12838.4,5160.8,2339.8,1356.7,4728.3,4680.6,31104.6,-7.77%,-9.84%,-16.26%,-19.62%,-7.51%,-8.23%,-9.42%
Mar-2023,14199.2,5541.5,2722.9,1674.2,5193.6,5343.9,34675.4,10.60%,7.38%,16.37%,23.40%,9.84%,14.17%,11.48%
Apr-2023,13806.0,5130.7,2837.2,1820.6,4850.1,5157.9,33602.6,-2.77%,-7.41%,4.20%,8.74%,-6.61%,-3.48%,-3.09%
May-2023,13707.4,5502.7,3005.5,1833.5,5350.0,5325.2,34724.2,-0.71%,7.25%,5.93%,0.71%,10.31%,3.24%,3.34%
Jun-2023,13266.7,5824.6,2876.4,1777.5,5145.1,5152.1,34042.4,-3.22%,5.85%,-4.30%,-3.05%,-3.83%,-3.25%,-1.96%
Jul-2023,13796.7,5432.4,2729.5,1740.5,5165.8,5398.0,34263.0,3.99%,-6.73%,-5.11%,-2.08%,0.40%,4.77%,0.65%
Aug-2023,13857.4,5518.6,2732.5,1629.2,5307.7,5494.3,34539.7,0.44%,1.59%,0.11%,-6.39%,2.75%,1.78%,0.81%
Sep-2023,13858.4,5749.2,2812.7,1782.4,5298.0,5481.3,34981.9,0.01%,4.18%,2.94%,9.40%,-0.18%,-0.24%,1.28%
Oct-2023,14268.5,5969.0,2854.3,1832.3,5471.7,5551.1,35946.9,2.96%,3.82%,1.48%,2.80%,3.28%,1.27%,2.76%
Nov-2023,14296.6,6885.5,3455.2,2363.7,6184.4,5463.5,38649.0,0.20%,15.35%,21.05%,29.00%,13.03%,-1.58%,7.52%
Dec-2023,16634.0,7096.7,4450.6,3189.0,6951.0,5837.4,44158.6,16.35%,3.07%,28.81%,34.92%,12.40%,6.84%,14.26%
Jan-2024,14188.2,5611.9,2757.7,1672.6,5285.4,5219.1,34734.9,-14.70%,-20.92%,-38.04%,-47.55%,-23.96%,-10.59%,-21.34%
Feb-2024,13546.5,5211.7,2521.7,1435.1,5049.2,4981.1,32745.3,-4.52%,-7.13%,-8.56%,-14.20%,-4.47%,-4.56%,-5.73%
Mar-2024,14838.6,5294.9,2667.2,1729.1,5228.6,5378.4,35136.7,9.54%,1.60%,5.77%,20.49%,3.55%,7.98%,7.30%
Apr-2024,13749.8,5195.6,2807.9,1728.6,5213.8,5325.3,34020.9,-7.34%,-1.88%,5.28%,-0.03%,-0.28%,-0.99%,-3.18%
May-2024,14189.2,5510.7,3021.8,1806.4,5535.7,5391.6,35455.4,3.20%,6.06%,7.62%,4.50%,6.17%,1.25%,4.22%
Jun-2024,13699.6,5841.5,2917.2,1859.0,5333.5,5115.3,34766.2,-3.45%,6.00%,-3.46%,2.91%,-3.65%,-5.12%,-1.94%
Jul-2024,14115.7,5565.5,2770.6,1746.4,5539.6,5431.5,35169.4,3.04%,-4.72%,-5.03%,-6.06%,3.86%,6.18%,1.16%
Aug-2024,14593.1,5596.6,2812.4,1699.7,5673.8,5554.8,35930.3,3.38%,0.56%,1.51%,-2.67%,2.42%,2.27%,2.16%
Sep-2024,14066.0,5695.3,2779.8,1718.4,5527.0,5524.5,35311.2,-3.61%,1.76%,-1.16%,1.10%,-2.59%,-0.55%,-1.72%
Oct-2024,14705.8,6181.3,2925.5,1862.0,5977.0,5666.1,37317.8,4.55%,8.53%,5.24%,8.36%,8.14%,2.56%,5.68%
Nov-2024,14871.4,7065.1,3582.2,2380.5,6617.6,5710.4,40227.1,1.13%,14.30%,22.45%,27.85%,10.72%,0.78%,7.80%
Dec-2024,17040.3,7645.9,4582.3,3216.1,7345.0,6113.6,45943.1,14.58%,8.22%,27.92%,35.10%,10.99%,7.06%,14.21%
Jan-2025,14691.2,5739.9,2904.1,1726.0,5670.4,5437.6,36169.3,-13.79%,-24.93%,-36.62%,-46.33%,-22.80%,-11.06%,-21.27%
Feb-2025,13589.6,5174.1,2457.1,1435.0,5122.6,4966.0,32744.3,-7.50%,-9.86%,-15.39%,-16.86%,-9.66%,-8.67%,-9.47%
